,Kommune,Folketall,Utdanning - Grunnskole,Utdanning - Videregående,Utdanning - Universitet (Kort),Utdanning - Universitet (Lang),Utdanning - Ingen,Bøker lånt årlig,Medlem i Den Norske Kirke,Annet livssyn,Forventet levealder (Mann),Forventet levealder (Kvinne),Driftsresultat i prosent,Lånegjeld per innbygger,Driftsinntekter per innbygger,Driftsutgifter per innbygger
0,agdenes,1693,452,672,216,48,8,6 214,"85,4",4,"80,1",84,6,27 390,111 076,108 621
1,alstahaug,7415,1853,2346,1333,376,26,21 580,"80,7","6,8",79,"83,3","1,4",127 095,105 655,103 230
2,alta,20665,5074,5585,4020,1017,100,27 824,"80,9","5,9","77,2","82,3","1,4",94 850,101 891,99 762
3,alvdal,2418,477,949,380,72,11,7 046,"84,1","6,9","78,9",83,"-1,7",99 351,109 330,107 789
4,andoy,4771,1417,1689,675,161,32,10 756,79,"9,2",79,"83,3","3,1",63 120,96 235,92 326
5,aremark,1357,398,535,184,32,4,9 570,"81,6","8,2","79,1","82,8",4,113 797,105 825,103 592
6,arendal,44784,9697,14054,8320,2737,208,86 392,"69,9","14,3","78,8","83,3","1,8",87 679,83 724,82 041
7,asker,61523,8598,14280,14932,8853,314,154 313,"64,3","12,2","80,5","84,3","3,8",75 119,83 144,81 837
8,askim,15865,4450,5134,2227,549,110,41 418,"65,8","16,7","79,1","82,8","2,1",64 859,79 336,77 508
9,askvoll,3038,757,1080,467,114,7,4 607,"85,9","3,4","80,3","85,2","4,4",77 309,109 149,104 561
10,askoy,29275,6076,8953,4923,1408,138,45 395,80,"7,3",80,"84,3","-0,2",93 835,76 685,74 891
11,audnedal,1780,402,650,264,57,4,11 831,"68,6","12,4","79,7","83,7",-3,73 707,113 584,120 923
12,aukra,3539,850,1170,595,122,16,6 178,76,"11,5","80,6","84,7","22,8",111 839,170 721,130 908
13,aure,3553,940,1311,504,116,13,9 449,"82,1","4,2","80,6","84,7",—,—,—,—
14,aurland,1764,378,669,319,96,4,4 890,"78,6","4,5","80,3","85,2","8,2",78 483,161 686,159 172
15,aurskog-holand,16500,4833,5609,2091,486,57,28 867,"77,5",9,"80,5","84,3","1,3",69 041,73 150,72 172
16,austevoll,5212,1022,1752,753,185,22,6 964,"81,4","6,7",80,"84,3","6,4",97 772,92 601,85 157
17,austrheim,2887,685,1127,362,84,11,10 827,"78,8","7,6",80,"84,3","0,4",89 079,97 984,100 230
18,averoy,5849,1423,2016,884,185,24,11 612,"83,5","4,2","80,6","84,7","3,2",81 027,81 506,77 681
19,balestrand,1279,228,449,273,69,20,4 439,"71,7","11,5","80,3","85,2","-3,1",74 969,162 841,170 751
20,ballangen,2470,809,852,313,56,9,4 962,"82,1","5,5",79,"83,3","4,9",66 794,111 871,107 053
21,balsfjord,5625,1831,1959,692,138,26,3 761,"82,4","5,1","79,6","83,9","3,2",81 137,92 476,89 625
22,bamble,14089,3584,4986,2193,516,77,29 278,"72,4","15,6","79,1","82,8","1,1",63 613,87 742,87 251
23,bardu,4030,813,1322,722,191,12,3 537,"85,3",3,"79,6","83,9","-3,5",94 705,111 183,114 175
24,beiarn,1022,404,341,112,17,6,2 450,"89,1","1,8",79,"83,3","-4,1",89 335,142 546,147 135
25,berg,888,319,281,123,21,6,3 429,"76,1","4,7","79,6","83,9","2,9",118 521,156 971,154 479
26,bergen,281190,50872,76274,62918,32013,1352,570 680,"68,3",12,80,"84,3","4,3",54 860,78 957,76 613
27,berlevag,981,357,307,120,28,6,1 438,"76,9","5,2","77,2","82,3","1,3",232 304,164 217,164 408
28,bindal,1450,425,547,206,28,6,2 464,89,"2,6",79,"83,3","13,7",85 928,147 776,128 907
29,birkenes,5304,1154,1782,763,169,15,9 615,"75,6","10,2","78,8","83,3","-0,6",82 288,85 450,86 022
30,bjerkreim,2807,617,1025,357,97,6,9 753,"83,4","6,9","80,1",84,"2,7",36 342,81 237,81 890
31,bjugn,4904,1282,1713,676,135,16,10 839,"86,2","3,4","80,1",84,"5,9",102 514,102 436,94 806
32,bodo,52024,10476,15084,11000,3957,171,98 044,"78,7","7,1",79,"83,3","<a class=""definition tallet_285209"" href=""#forklaring-tall-285209"">Kommunens lånegjeld per innbygger: 81 866 kroner per 2018</a>",81 866,80 975,80 416
33,bokn,840,194,343,104,14,2,5 052,"83,9","6,9","80,1",84,"8,9",174 849,129 906,114 198
34,bremanger,3705,960,1448,490,104,17,8 689,"80,7","5,8","80,3","85,2","7,1",92 669,126 685,127 332
35,bronnoy,7916,2004,2689,1216,284,23,12 107,"83,5","5,7",79,"83,3","4,2",87 329,98 532,94 474
36,bygland,1192,255,456,224,45,9,6 823,"79,5",6,"78,8","83,3","-0,3",93 502,129 214,137 512
37,bykle,953,181,325,218,44,2,6 584,"72,9","7,2","78,8","83,3","6,1",51 768,284 466,288 025
38,baerum,126841,16136,27867,31046,20566,665,319 879,"63,7","13,4","80,5","84,3","5,3",49 471,84 027,79 441
39,bo-telemark,6630,1297,2017,1350,437,53,22 358,"72,8",9,"79,1","82,8","0,2",73 741,93 182,94 119
40,bo-nordland,2616,1049,766,332,62,10,4 064,80,7,79,"83,3","2,1",95 947,114 925,115 238
41,bomlo,11960,2529,4166,1852,312,43,26 886,"79,6","8,3",80,"84,3","2,6",72 971,85 203,82 223
42,batsfjord,2270,833,625,271,77,28,2 550,"64,4","11,6","77,2","82,3","1,2",92 606,108 193,108 470
43,deatnu-tana,2900,941,880,478,120,20,3 674,"81,7","4,8","77,2","82,3","-1,3",154 610,121 072,121 884
44,divtasvuodna-tysfjord,1925,595,660,286,58,15,5 012,"87,1","3,2",79,"83,3",—,—,—,—
45,dovre,2615,669,1116,332,85,10,8 372,"86,1","4,9","79,3","82,9","-1,5",68 590,104 142,106 763
46,drammen,68933,16141,19435,13436,5022,466,110 369,"57,3","22,3","79,7","83,6","3,6",84 628,82 545,81 102
47,drangedal,4080,1128,1567,480,97,19,7 675,"80,9","9,2","79,1","82,8","0,2",113 878,97 944,99 603
48,dyroy,1129,323,426,185,24,4,1 070,"86,7","2,2","79,6","83,9","8,4",110 888,150 344,139 109
49,donna,1391,420,445,219,44,6,5 600,"82,5","4,7",79,"83,3","12,1",107 693,138 838,123 063
50,eid,6151,1160,2203,1117,273,24,10 761,"82,8","5,5","80,3","85,2","-1,6",135 653,98 351,98 091
51,eide,3433,877,1186,457,109,12,5 868,"86,8","4,3","80,6","84,7","-6,3",93 209,89 530,94 189
52,eidfjord,906,195,363,170,31,3,1 471,"84,4","3,5",80,"84,3","8,2",122 277,201 156,192 817
53,eidsberg,11424,3357,3809,1590,371,80,28 116,"72,3","13,5","79,1","82,8","0,8",59 189,80 657,79 620
54,eidskog,6114,2134,2127,716,138,45,12 363,83,6,"78,9",83,1,78 666,97 334,95 682
55,eidsvoll,24919,6359,7936,3688,1120,143,28 942,"72,3","11,3","80,5","84,3","0,6",64 961,69 551,69 393
56,eigersund,14830,3540,5194,2210,529,87,26 492,"71,8","14,7","80,1",84,"-0,3",62 574,87 644,89 939
57,elverum,21191,5076,6524,4178,1007,122,34 281,"78,9","7,9","78,9",83,"-0,1",98 163,81 244,80 883
58,enebakk,11026,2696,3608,1635,422,59,11 151,"69,9","12,6","80,5","84,3","0,2",90 682,70 256,69 947
59,engerdal,1286,381,486,186,38,10,2 637,"83,7","3,3","78,9",83,"-4,7",74 926,150 601,161 866
60,etne,4077,829,1573,617,133,13,18 489,"83,4",6,80,"84,3","5,2",83 306,92 415,86 987
61,etnedal,1305,446,440,187,32,5,3 995,"83,4","4,1","79,3","82,9","-3,4",56 418,127 087,133 538
62,evenes,1387,396,506,188,41,6,3 686,"80,7","3,7",79,"83,3","-2,8",43 280,126 875,131 291
63,evje-og-hornnes,3546,855,1313,517,142,14,7 577,"74,3","8,8","78,8","83,3","2,2",60 204,90 668,91 808
64,farsund,9695,2178,3627,1376,357,42,30 684,"75,3","10,7","79,7","83,7","3,6",90 642,91 863,89 958
65,fauske-fuosko,9760,2575,3432,1586,327,30,16 592,"83,3","4,8",79,"83,3","-2,4",128 096,88 952,90 079
66,fedje,562,142,194,86,14,6,2 382,"84,7",3,80,"84,3",—,—,—,—
67,fet,11842,2628,3684,2007,708,42,16 375,"71,2","11,8","80,5","84,3","-1,5",102 353,76 704,77 233
68,finnoy,3150,620,1187,509,154,8,10 510,"74,4","9,7","80,1",84,"9,7",84 176,112 931,103 671
69,fitjar,3201,660,1189,466,101,6,10 458,"80,8",8,80,"84,3","5,3",71 551,102 082,95 987
70,fjaler,2770,706,888,493,144,11,5 557,"81,2",3,"80,3","85,2",4,83 884,113 093,108 308
71,fjell,26166,5564,8300,4153,1185,88,35 930,78,"8,7",80,"84,3","-3,6",64 161,68 105,70 346
72,flakstad,1292,507,371,166,31,8,918,"74,4","14,5",79,"83,3","10,1",55 878,117 540,106 025
73,flatanger,1103,298,402,180,48,4,3 406,"82,9","3,4","79,8",84,"21,4",137 680,145 108,111 826
74,flekkefjord,9066,1939,3293,1470,382,35,20 322,"71,2","15,3","79,7","83,7","2,8",74 737,96 371,94 989
75,flesberg,2694,657,986,378,75,13,9 330,82,"6,3","79,7","83,6","0,6",110 431,101 235,100 641
76,flora,11852,2783,3931,2022,476,62,16 973,80,"7,4","80,3","85,2","-0,5",128 621,102 925,103 343
77,fla,1052,336,358,137,48,4,6 986,79,5,"79,7","83,6","3,2",100 907,142 453,137 261
78,folldal,1577,382,620,269,49,3,13 957,"83,2","3,7","78,9",83,"-0,8",73 862,111 512,111 483
79,forsand,1193,304,414,181,29,4,7 343,"75,9","9,2","80,1",84,—,—,—,—
80,fosnes,605,166,257,95,15,3,2 090,"82,1","6,1","79,8",84,"5,2",180 560,159 112,149 694
81,fredrikstad,81772,19643,25459,14920,4177,509,166 276,"67,5","15,2","79,1","82,8","-0,1",68 620,78 053,78 155
82,frogn,15761,2763,4997,3442,1309,69,33 624,71,"9,3","80,5","84,3","0,5",91 149,75 638,75 875
83,froland,5845,1402,2073,763,158,24,15 527,"71,9","15,1","78,8","83,3","-0,9",87 492,84 463,86 357
84,frosta,2632,665,995,362,85,9,12 448,"82,3","4,8","79,8",84,"-1,7",65 451,89 640,90 484
85,fraena,9800,2568,3398,1338,253,43,14 024,"82,8","6,8","80,6","84,7","0,3",72 594,88 805,88 357
86,froya,5068,1521,1535,702,206,15,14 662,"68,7","8,9","80,1",84,"8,9",133 426,109 688,98 579
87,fusa,3861,846,1418,624,140,15,9 239,"84,4","4,7",80,"84,3","6,2",83 113,101 325,95 257
88,fyresdal,1286,247,518,231,63,5,9 889,"78,6","6,1","79,1","82,8","2,2",25 694,138 504,142 271
89,faerder,26700,N/A,—,71,"10,6","79,3","83,7","0,5",87 628,81 965,81 436,,,,
90,forde,13092,2259,3931,2836,888,34,34 352,"82,8","6,2","80,3","85,2","0,4",90 213,89 401,89 202
91,gaivuotna-kafjord-kaivuono,2097,757,635,296,62,10,6 295,"88,7","1,8","79,6","83,9","2,3",170 268,118 959,119 045
92,gamvik,1169,421,341,174,44,7,2 098,"64,7","7,7","77,2","82,3",—,—,—,—
93,gaular,3027,549,1076,540,120,4,5 288,"85,8","6,1","80,3","85,2","4,2",63 216,102 171,98 679
94,gausdal,6112,1546,2356,875,201,21,20 121,"86,6","3,7","79,3","82,9","<a class=""definition tallet_285209"" href=""#forklaring-tall-285209"">Kommunens lånegjeld per innbygger: 98 880 kroner per 2018</a>",98 880,93 365,95 886
95,gildeskal,1978,596,658,312,78,6,4 776,"76,4","8,1",79,"83,3","0,9",113 956,133 229,130 170
96,giske,8398,1720,2577,1429,326,23,12 361,"80,8","5,8","80,6","84,7","-0,5",110 474,76 136,74 004
97,gjemnes,2641,587,984,415,64,7,5 710,"83,6","5,7","80,6","84,7","4,2",58 922,92 516,88 847
98,gjerdrum,6823,1387,2126,1230,380,19,17 035,"72,9","10,8","80,5","84,3","3,2",77 623,75 759,73 385
99,gjerstad,2454,743,939,288,44,13,4 739,"78,6","10,3","78,8","83,3","1,7",134 281,120 317,116 989
100,gjesdal,11899,2644,3893,1766,457,32,37 583,"73,1","11,8","80,1",84,"3,2",76 325,77 760,75 031
101,gjovik,30676,7066,9824,5917,1611,152,57 251,"76,5","9,1","79,3","82,9","0,8",51 678,86 901,85 417
102,gloppen,5836,1071,2051,1168,297,18,24 917,"84,3","5,4","80,3","85,2","-0,3",113 929,105 873,105 144
103,gol,4576,1139,1678,692,178,33,14 028,"76,7",8,"79,7","83,6","-0,3",98 532,120 278,118 772
104,gran,13642,3593,4835,1976,491,101,41 573,"82,7","6,7","79,3","82,9","2,5",58 209,83 503,80 874
105,grane,1493,477,511,183,32,7,2 620,"83,2","4,6",79,"83,3","6,4",46 033,117 193,113 267
106,granvin,937,155,420,160,23,0,1 445,83,6,80,"84,3","2,8",72 784,109 152,107 966
107,gratangen,1105,353,357,163,35,12,2 028,"80,7","6,5","79,6","83,9","2,8",94 273,149 893,146 630
108,grimstad,23247,4541,6856,4621,1519,116,45 792,"67,7","15,9","78,8","83,3","-0,1",56 692,81 171,82 136
109,grong,2374,541,938,391,78,10,8 832,"81,2","5,9","79,8",84,2,164 578,149 056,146 011
110,grue,4646,1551,1731,646,114,32,8 254,"83,8","6,1","78,9",83,"2,1",79 863,96 508,94 427
111,gulen,2322,507,919,374,64,2,5 722,"82,1","5,4","80,3","85,2","11,4",62 621,132 159,117 138
112,guovdageaidnu-kautokeino,2924,904,679,550,144,37,530,"88,2","3,4","77,2","82,3","6,1",62 061,114 967,109 885
113,hadsel,8091,2098,2585,1386,322,43,6 588,"79,2","6,8",79,"83,3","5,1",94 270,102 327,97 890
114,halden,31177,7801,10101,5481,1414,169,59 128,69,16,"79,1","82,8","3,7",82 787,78 670,75 185
115,halsa,1574,367,661,209,38,4,3 680,"85,3",5,"80,6","84,7","4,7",86 255,120 200,115 255
116,hamar,31144,6251,9072,7091,2521,175,103 401,"72,1","10,2","78,9",83,"3,2",73 193,97 510,97 260
117,hamaroy-habmer,1747,486,605,313,94,10,7 277,"80,7","5,7",79,"83,3","1,3",76 334,153 662,152 834
118,hammerfest,10534,2645,2999,1937,607,82,19 045,"72,4","10,6","77,2","82,3","6,7",216 800,136 313,127 377
119,haram,9383,2100,3326,1424,326,25,32 077,76,"9,7","80,6","84,7","-0,4",83 856,76 708,76 082
120,hareid,5155,1177,1706,822,156,20,17 606,"76,6","9,2","80,6","84,7","-1,2",68 259,81 392,82 175
121,harstad,N/A,N/A,N/A,N/A,N/A,N/A,N/A,,,,,,,,
122,hasvik,1045,363,312,127,37,9,414,"70,3","9,7","77,2","82,3","6,1",54 941,138 367,133 785
123,hattfjelldal,1359,468,484,190,22,7,3 575,"88,8","3,2",79,"83,3","4,4",38 753,148 444,144 810
124,haugesund,37250,7371,11822,7416,2464,179,87 483,"70,3","11,7","80,1",84,"2,7",55 756,78 819,77 273
125,hemne,4228,1053,1709,532,104,15,5 891,89,"3,1","80,1",84,"-3,2",44 619,96 362,102 842
126,hemnes,4501,1345,1557,629,100,17,14 002,"86,5","3,7",79,"83,3",—,—,—,—
127,hemsedal,2481,474,884,461,130,9,14 059,"65,3","8,3","79,7","83,6","1,9",69 394,101 400,103 376
128,heroy-nordland,1780,565,595,218,36,8,2 304,"77,9","4,7",79,"83,3","12,7",133 878,118 546,102 273
129,heroy-more-og-romsdal,8927,2177,3075,1346,246,26,18 225,"78,4","9,1","80,6","84,7","-0,5",85 962,74 429,75 765
130,hitra,4694,1233,1718,624,191,23,14 093,"73,2","7,4","80,1",84,"8,4",145 919,109 674,98 716
131,hjartdal,1572,374,628,215,45,6,2 448,"82,4",10,"79,1","82,8","2,9",79 982,126 652,123 382
132,hjelmeland,2684,594,938,404,132,8,10 122,"76,8",8,"80,1",84,"5,9",90 981,126 763,121 455
133,hobol,5642,1420,1904,885,291,28,13 804,"69,6",12,"79,1","82,8","-0,7",36 877,77 018,77 684
134,hol,4473,1035,1717,775,202,26,17 306,"74,6","7,4","79,7","83,6","-0,9",80 823,134 145,127 639
135,hole,6845,1215,2041,1434,622,27,12 533,"71,3","11,1","79,7","83,6","3,5",49 483,76 660,74 505
136,holmestrand,14371,N/A,—,"72,8",10,"79,3","83,7","-2,7",72 708,79 709,82 053,,,,
137,holtalen,2025,460,868,301,40,5,11 532,"89,2","2,8","80,1",84,—,—,—,—
138,hornindal,1175,231,481,191,37,3,1 393,"91,3","3,4","80,3","85,2","-3,7",94 396,101 554,104 889
139,horten,27335,5735,8796,5449,1609,169,72 947,"67,5","14,1","79,3","83,7","2,8",74 347,76 375,74 540
140,hurdal,2864,840,983,409,119,8,7 705,"79,4",6,"80,5","84,3",—,66 161,—,—
141,hurum,9521,2287,3132,1602,498,49,10 417,"71,4","10,4","79,7","83,6","-3,2",59 487,77 129,79 656
142,hvaler,4599,996,1628,849,275,16,6 600,"78,4","7,6","79,1","82,8","1,7",103 304,99 357,97 255
143,hyllestad,1366,316,586,201,37,5,7 548,"81,3","5,3","80,3","85,2","8,4",116 284,134 684,124 243
144,haegebostad,1683,368,656,242,38,7,12 101,"78,6","11,2","79,7","83,7","0,4",75 908,106 198,112 409
145,hoyanger,4091,951,1647,616,147,18,14 386,"82,8",7,"80,3","85,2","0,5",124 207,131 023,130 714
146,hoylandet,1254,265,465,224,41,1,9 968,"91,1","3,3","79,8",84,"1,7",70 627,132 321,129 935
147,ha,18814,4354,6447,2462,593,76,93 184,"76,2","8,9","80,1",84,"3,9",68 657,79 007,76 928
148,ibestad,1375,442,517,195,37,5,3 401,"81,3","4,1","79,6","83,9","14,4",130 360,147 255,127 252
149,inderoy,6804,1335,2422,1289,300,17,25 156,"84,9","4,3","79,8",84,"1,8",87 623,89 852,87 360
150,indre-fosen,9988,N/A,—,"86,2","4,2",N/A,1,111 703,95 629,96 069,,,,,
151,iveland,1326,319,505,144,19,12,1 268,69,"14,9","78,8","83,3","3,1",45 433,112 647,120 011
152,jevnaker,6846,1731,2381,1044,218,28,19 969,80,"6,7","79,3","82,9","0,8",67 664,74 713,74 473
153,jondal,1087,180,472,193,31,1,5 069,"86,8","2,2",80,"84,3","10,8",65 132,144 921,131 722
154,jolster,3047,562,1110,512,128,8,8 172,"84,9",5,"80,3","85,2","-0,4",94 010,102 613,103 262
155,karasjohka-karasjok,2673,793,700,568,126,15,4 590,"88,1","3,5","77,2","82,3",—,55 628,—,—
156,karlsoy,2252,891,657,259,70,11,3 997,"78,9","6,6","79,6","83,9","13,6",110 249,134 361,115 643
157,karmoy,42161,9540,14855,6404,1286,188,85 242,"78,7","9,4","80,1",84,"2,6",43 234,73 755,72 174
158,klepp,19354,4321,6564,2634,852,76,52 370,"74,1","12,2","80,1",84,3,44 794,73 031,72 250
159,klaebu,6076,1271,2056,926,271,21,13 014,"81,1","6,7","80,1",84,"0,9",79 160,85 272,84 207
160,kongsberg,27481,4980,8145,5890,2420,118,67 346,"71,3","9,8","79,7","83,6","1,8",64 945,82 031,81 832
161,kongsvinger,17823,5253,5937,2700,711,96,40 944,"77,8","9,2","78,9",83,"2,1",82 004,87 043,84 377
162,kragero,10406,2659,3701,1788,392,56,28 669,"73,7","11,2","79,1","82,8","0,1",106 011,95 716,96 748
163,kristiansand,92282,17103,27591,19391,7064,512,240 964,"61,5","18,8","79,7","83,7",2,84 869,82 161,81 168
164,kristiansund,24274,5684,8098,4222,1117,139,43 103,"77,6","7,7","80,6","84,7","-0,9",96 714,84 806,85 959
165,krodsherad,2239,591,795,332,97,12,5 903,"82,2",5,"79,7","83,6","8,2",50 626,105 406,100 304
166,kvalsund,988,359,326,138,33,9,381,"82,7","6,5","77,2","82,3","6,3",106 982,169 924,161 044
167,kvam,8441,1600,3205,1428,364,25,21 642,"81,8","5,4",80,"84,3","5,6",125 363,104 597,99 927
168,kvinesdal,6048,1483,2163,769,171,44,20 030,79,"9,1","79,7","83,7","2,2",72 355,104 547,105 264
169,kvinnherad,13137,2912,4950,2093,385,45,43 075,"85,1","5,5",80,"84,3",2,99 068,98 054,93 154
170,kviteseid,2403,595,876,412,129,16,7 049,"76,7","9,4","79,1","82,8","3,1",39 983,110 635,110 741
171,kvitsoy,516,133,196,66,26,1,1 706,"78,5","5,2","80,1",84,8,64 766,134 707,129 033
172,kvaefjord,2858,764,971,506,108,37,6 725,"76,5","11,1","79,6","83,9","5,2",60 935,150 109,143 175
173,kvaenangen,1202,399,416,176,29,4,4 754,"85,9","2,5","79,6","83,9","12,5",130 117,164 027,144 632
174,larvik,47107,N/A,—,"72,8","12,1","79,3","83,7","-0,3",77 855,78 988,78 600,,,,
175,lebesby,1328,463,398,194,45,11,1 832,"73,9","5,1","77,2","82,3","8,5",158 809,172 047,157 495
176,leikanger,2331,386,688,500,268,4,2 096,"84,7","5,4","80,3","85,2","-2,6",78 829,101 574,106 007
177,leirfjord,2320,617,729,349,86,17,7 436,"80,3","6,3",79,"83,3",2,70 599,118 536,116 984
178,leka,567,178,225,76,11,1,1 042,"83,8","4,2","79,8",84,—,—,—,—
179,lenvik,11679,3318,3609,1728,372,52,22 337,"82,8","6,2","79,6","83,9","2,6",94 926,107 469,104 397
180,lesja,2009,422,829,310,68,9,8 882,"85,2","4,4","79,3","82,9","0,1",85 769,114 028,117 297
181,levanger,20254,3675,6456,4377,1209,71,37 685,"79,6","7,6","79,8",84,"-0,6",116 091,85 838,85 648
182,lier,26373,5164,7614,5210,2017,147,37 550,"67,2","14,6","79,7","83,6","2,2",66 992,80 108,78 375
183,lierne,1386,321,560,202,30,3,5 669,88,"2,1","79,8",84,2,111 367,148 960,145 384
184,lillehammer,28023,5073,8237,6824,2429,116,69 241,"73,9","9,1","79,3","82,9","1,7",83 936,92 163,91 900
185,lillesand,10990,2076,3392,2092,683,43,23 297,"69,6","13,2","78,8","83,3","0,9",107 181,83 721,83 322
186,lindesnes,4953,1114,1839,669,147,33,22 484,"70,8","13,5","79,7","83,7","0,8",77 968,92 710,94 551
187,lindas,15812,3407,5584,2431,591,52,33 026,80,"8,9",80,"84,3","2,9",79 674,92 275,89 667
188,loabak-lavangen,1042,305,344,149,25,6,3 939,"86,9","4,8","79,6","83,9","0,8",85 853,142 167,135 451
189,lom,2293,512,981,349,68,6,14 211,"88,1","2,9","79,3","82,9","2,6",86 408,109 870,110 332
190,loppa,917,383,270,130,26,8,1 661,"79,9","3,6","77,2","82,3","18,2",30 629,188 571,157 554
191,lund,3213,791,1201,425,73,17,18 138,"73,4","14,3","80,1",84,"-2,3",61 255,85 834,90 395
192,lunner,9051,2267,3021,1458,399,40,19 848,"77,4",9,"79,3","82,9","-1,1",70 259,77 895,78 880
193,luroy,1904,587,646,247,57,9,1 038,"82,7","7,5",79,"83,3",18,45 288,147 914,122 046
194,luster,5195,1008,1881,942,212,16,29 907,"86,9","3,9","80,3","85,2",—,—,—,—
195,lyngdal,8609,1933,2927,1282,246,39,24 566,64,"18,6","79,7","83,7",2,74 909,91 271,90 246
196,lyngen,2847,983,899,400,80,17,9 152,89,"2,7","79,6","83,9","2,1",182 069,115 357,111 031
197,laerdal,2151,484,754,404,113,11,4 525,"80,9","6,9","80,3","85,2","-0,5",—,127 708,128 745
198,lodingen,2077,600,713,327,69,17,3 634,"79,8","6,2",79,"83,3",—,90 744,—,—
199,lorenskog,40106,8346,11173,7697,2881,245,82 987,"57,6","19,5","80,5","84,3","3,4",90 133,73 215,69 342
200,loten,7663,2213,2521,1128,237,14,11 562,81,"7,8","78,9",83,"5,2",56 837,80 875,78 662
201,malvik,14040,2509,4285,2660,1112,41,24 693,"78,3","7,1","80,1",84,"2,3",82 352,74 775,73 415
202,mandal,15659,3039,5423,2901,719,73,37 243,"74,3","10,7","79,7","83,7","2,7",62 331,85 081,84 239
203,marker,3592,1147,1207,456,108,24,26 648,"81,5",8,"79,1","82,8","2,9",49 997,86 666,84 066
204,marnardal,2297,509,913,305,51,8,9 529,"79,8","8,1","79,7","83,7","-8,5",52 518,106 372,122 909
205,masfjorden,1711,398,686,204,53,6,9 515,"86,2","4,1",80,"84,3","3,4",35 800,141 411,136 912
206,meland,8187,1586,2598,1378,337,15,20 015,"79,2","8,2",80,"84,3","0,9",71 935,77 474,77 263
207,meldal,3905,991,1585,491,87,22,9 143,"88,1","4,5","80,1",84,"3,7",56 371,96 425,95 743
208,melhus,16562,3586,5914,2478,646,44,59 900,84,"5,8","80,1",84,"1,7",74 781,81 897,81 005
209,meloy,6331,1750,2291,811,161,35,6 862,"80,1","9,9",79,"83,3",5,72 371,116 448,109 850
210,meraker,2432,645,954,363,56,12,19 429,"83,8","3,9","79,8",84,"1,3",83 602,113 961,113 370
211,midsund,2019,527,723,271,51,11,3 072,"80,1","7,3","80,6","84,7","2,4",84 712,105 109,102 066
212,midtre-gauldal,6246,1387,2636,795,165,17,7 831,"82,4",6,"80,1",84,"2,4",73 523,92 331,91 131
213,modalen,380,77,134,67,11,2,2 393,"85,8","1,8",80,"84,3","-1,5",22 124,233 418,252 105
214,modum,13980,3889,4709,1996,449,81,29 468,"78,6","8,9","79,7","83,6","1,6",45 876,79 010,78 450
215,molde,27001,4990,8235,5986,2132,115,52 849,"76,6","9,8","80,6","84,7",1,117 994,87 581,86 567
216,moskenes,1039,438,305,112,44,6,3 357,"71,9","10,9",79,"83,3",—,—,—,—
217,moss,32726,7926,9987,5807,2196,270,67 650,"61,8","17,8","79,1","82,8","1,7",63 766,82 316,80 402
218,malselv,6805,1576,2295,1183,301,24,17 450,"84,8","4,2","79,6","83,9","-0,2",84 155,98 062,98 247
219,masoy,1235,447,386,149,47,8,3 163,"77,8","6,3","77,2","82,3","12,2",103 447,147 087,130 411
220,namdalseid,1576,392,644,210,37,4,4 514,"86,9","3,7","79,8",84,"4,2",127 310,119 635,113 919
221,namsos,13113,2938,4243,2456,566,68,18 987,"82,3","6,2","79,8",84,"1,3",71 840,96 826,95 114
222,namsskogan,871,290,321,107,18,2,1 530,"84,2","2,8","79,8",84,"3,8",134 037,172 969,165 603
223,nannestad,13682,3381,4325,1870,503,66,21 369,"67,5","14,1","80,5","84,3","2,8",72 565,68 841,65 770
224,narvik,18630,3915,6344,3521,1080,87,37 230,"78,7","6,6",79,"83,3","2,2",83 988,92 525,91 592
225,naustdal,2793,574,1056,443,96,9,12 119,"87,4","4,7","80,3","85,2","-0,6",128 230,98 678,98 913
226,nedre-eiker,24963,6556,7777,3912,945,162,45 800,"64,6","18,3","79,7","83,6","2,6",62 498,72 802,70 998
227,nes-buskerud,3315,866,1250,509,133,8,10 651,79,"9,3","79,7","83,6","-1,2",65 315,110 179,111 553
228,nes-akershus,21885,5776,7466,3004,768,100,33 163,"74,9","9,9","80,5","84,3","-0,2",44 322,71 727,71 708
229,nesna,1792,477,530,329,117,8,5 290,"70,3","8,5",79,"83,3","1,2",73 338,141 876,142 244
230,nesodden,19488,3068,4801,4442,2414,90,38 494,"60,8","13,1","80,5","84,3","3,2",52 788,71 888,69 917
231,nesset,2956,788,1175,376,69,12,5 036,"88,1","3,9","80,6","84,7","1,4",106 014,106 075,105 464
232,nissedal,1476,339,528,258,48,11,5 351,74,"11,2","79,1","82,8","-0,5",101 578,135 439,136 837
233,nittedal,24089,4664,6608,4637,1926,103,54 914,"68,1","12,6","80,5","84,3",2,51 372,73 635,72 750
234,nome,6538,1662,2392,1057,210,48,12 085,"75,6","9,2","79,1","82,8","0,5",89 168,105 142,104 802
235,nord-aurdal,6418,1534,2392,1057,241,39,20 288,"82,6","4,6","79,3","82,9","3,2",82 579,112 357,110 393
236,norddal,1645,396,630,259,65,1,8 570,83,"4,6","80,6","84,7","-3,1",151 560,125 909,131 218
237,nord-fron,5742,1590,2105,833,149,19,21 449,"85,9","4,7","79,3","82,9","-1,6",82 656,99 672,102 361
238,nordkapp,3218,1082,956,475,122,26,7 593,"76,5","7,3","77,2","82,3",7,101 253,113 821,103 257
239,nord-odal,5024,1765,1732,601,111,30,10 765,"85,7",6,"78,9",83,"-2,6",93 613,90 957,93 166
240,nordreisa,N/A,N/A,N/A,N/A,N/A,N/A,N/A,,,,,,,,
241,nordre-land,6671,2107,2347,878,155,28,22 027,"86,4","4,4","79,3","82,9","0,9",44 875,96 121,95 692
242,nore-og-uvdal,2448,647,994,315,86,7,5 943,"81,8","6,6","79,7","83,6","-0,7",43 128,142 039,146 312
243,notodden,12682,3189,4274,2184,530,77,36 660,"73,9","12,6","79,1","82,8","-0,4",95 302,96 379,96 216
244,naeroy,5072,1435,1801,647,134,13,14 217,"82,1","7,1","79,8",84,14,88 435,119 165,102 267
245,odda,6745,1421,2821,1090,254,35,15 825,"80,2",8,80,"84,3","4,2",84 410,133 412,129 064
246,oppdal,6975,1645,2567,1085,279,36,15 060,"80,6","8,3","80,1",84,"4,3",39 052,93 898,90 682
247,oppegard,27394,4210,7181,6390,2967,113,84 499,"67,4","12,8","80,5","84,3",1,61 686,79 704,79 108
248,orkdal,12086,2766,4305,1764,424,54,22 104,84,6,"80,1",84,4,89 116,86 929,87 096
249,os-hordaland,20804,4020,6457,3710,1067,73,32 798,"76,9","8,3",80,"84,3","6,4",93 137,79 738,73 942
250,os-hedmark,1912,430,778,352,62,11,11 291,"80,6","6,8","78,9",83,"2,9",92 265,114 103,109 595
251,osen,947,296,359,127,13,2,2 439,"88,4","2,7","80,1",84,"9,9",86 695,139 485,125 980
252,oslo,681067,112683,144955,165753,111688,6357,1 143 812,"48,7","21,8","79,6","83,8","5,2",42 724,91 624,87 968
253,osteroy,8120,2008,2944,1059,251,23,29 541,"79,8","7,9",80,"84,3",—,—,—,—
254,overhalla,3879,756,1380,665,123,10,9 732,"85,6",6,"79,8",84,"1,1",97 538,92 358,90 287
255,porsanger-porsangu-porsanki,3944,1084,1292,694,133,25,8 824,"82,8","5,6","77,2","82,3","-5,5",62 848,99 942,105 477
256,porsgrunn,36224,8409,11987,6414,1994,151,78 787,"69,8","14,1","79,1","82,8","0,7",81 765,81 765,82 428
257,radoy,5091,1249,1946,670,143,27,9 286,"79,9","8,8",80,"84,3","3,6",55 425,90 973,88 731
258,rakkestad,8230,2332,2954,1014,205,55,18 151,"76,2","10,6","79,1","82,8","3,5",78 037,84 574,81 738
259,rana,26315,6647,8824,4488,983,69,56 545,"82,2","5,3",79,"83,3","5,5",63 030,84 077,80 626
260,randaberg,11053,2193,3440,1920,655,34,26 910,"76,3","9,9","80,1",84,"-0,2",100 431,83 316,85 418
261,rauma,7487,1759,2805,1139,231,29,25 732,"83,4","5,1","80,6","84,7","0,9",87 790,90 001,89 635
262,re,9730,2110,3483,1502,322,25,24 743,73,"12,7","79,3","83,7",-2,88 429,77 934,79 694
263,rendalen,1791,486,717,265,48,7,8 798,"85,7","2,6","78,9",83,"6,1",69 162,112 357,104 386
264,rennebu,2501,643,1047,317,63,8,3 422,"88,8","3,4","80,1",84,"3,7",87 753,113 103,109 298
265,rennesoy,4847,940,1607,715,259,14,10 327,"79,8","7,6","80,1",84,"2,5",94 411,85 666,83 760
266,rindal,2028,452,847,288,50,4,6 338,"90,3","3,9","80,6","84,7","-0,5",77 563,106 393,108 889
267,ringebu,4425,1225,1691,607,138,27,9 204,"83,7",5,"79,3","82,9","0,3",115 515,107 911,110 153
268,ringerike,30442,7595,10216,5166,1476,168,48 762,"74,3","9,6","79,7","83,6",—,61 988,—,—
269,ringsaker,34488,9079,11537,5322,1268,189,69 110,"80,9","6,7","78,9",83,"1,4",84 009,83 401,82 437
270,risor,6848,1645,2433,1198,298,40,16 828,"71,8",13,"78,8","83,3","0,2",92 681,96 743,95 600
271,roan,957,306,351,119,20,4,1 366,83,"3,7","80,1",84,"16,8",108 188,151 546,127 473
272,rollag,1419,343,549,221,51,7,3 707,"80,9","7,6","79,7","83,6","<a class=""definition tallet_285209"" href=""#forklaring-tall-285209"">Kommunens lånegjeld per innbygger: 61 889 kroner per 2018</a>",61 889,154 237,156 657
273,rygge,16145,3865,5216,2771,815,87,26 808,"71,1","13,2","79,1","82,8","0,5",64 558,73 720,73 023
274,raelingen,18161,3805,5358,3302,1118,109,26 251,"63,4","15,9","80,5","84,3","3,4",92 306,72 435,70 396
275,rodoy,1238,415,384,159,14,4,88,"78,8","11,5",79,"83,3","17,8",112 128,157 090,131 385
276,romskog,673,197,250,96,18,3,4 125,"78,9","7,6","79,1","82,8","-7,5",77 386,122 007,134 840
277,roros,5610,1103,2238,1038,286,24,20 117,"81,3","5,9","80,1",84,"2,7",73 650,98 831,95 791
278,rost,508,235,143,49,13,3,2 752,"86,6","2,4",79,"83,3","6,6",102 774,139 770,134 224
279,royken,22635,4249,6707,4363,1616,92,34 430,"67,8","12,7","79,7","83,6","0,7",20 694,79 060,79 302
280,rade,7542,1865,2540,1204,344,32,8 397,"73,7","12,4","79,1","82,8","1,8",63 615,79 411,77 885
281,raarvihke-royrvik,482,131,169,69,12,1,1 219,"84,4","4,1","79,8",84,"-0,7",231 685,204 714,200 751
282,salangen,2183,580,780,372,97,10,4 872,81,"3,3","79,6","83,9","4,6",129 001,159 292,150 180
283,saltdal,4657,1165,1699,755,138,27,7 330,"84,5","3,8",79,"83,3","0,9",71 390,112 560,109 532
284,samnanger,2465,549,935,375,80,13,3 972,"83,9","5,4",80,"84,3","1,4",84 940,92 678,91 884
285,sande-vestfold,9904,2129,3312,1602,403,43,38 177,"72,9","12,8","79,3","83,7","1,9",61 724,74 963,74 452
286,sande-more-og-romsdal,2493,701,891,349,79,9,5 079,"77,9","6,9","80,6","84,7","-1,3",91 397,99 589,101 796
287,sandefjord,63278,14544,20428,11043,3083,428,176 375,"67,9","13,3","79,3","83,7","4,2",21 481,76 876,75 391
288,sandnes,77246,15059,22384,13691,6022,417,133 749,"65,3","15,3","80,1",84,3,65 399,76 155,72 730
289,sandoy,1238,290,485,170,33,2,8 601,"80,5","5,1","80,6","84,7","-1,6",210 765,107 830,111 036
290,sarpsborg,55997,14918,18069,8923,1880,292,89 307,"68,2","16,1","79,1","82,8","0,6",58 365,76 350,75 314
291,sauda,4597,1020,1801,701,142,17,9 839,"83,2","6,3","80,1",84,"3,2",91 402,116 219,113 607
292,sauherad,4293,1023,1524,731,203,28,8 844,"73,7","11,2","79,1","82,8","1,2",77 900,100 363,99 136
293,sel,5789,1576,2278,786,159,21,24 068,"85,2","4,8","79,3","82,9","-0,9",72 275,103 240,104 468
294,selbu,4088,941,1609,609,126,12,15 660,"87,7","3,5","80,1",84,"-0,6",61 169,92 573,96 493
295,selje,2747,762,1014,386,66,9,5 782,"82,8","6,3","80,3","85,2","7,9",81 455,101 640,93 916
296,seljord,2934,635,1084,490,140,19,12 868,"75,2","11,2","79,1","82,8","0,5",79 510,110 456,112 023
297,sigdal,3490,960,1357,395,96,20,8 786,"85,3","4,9","79,7","83,6","1,6",40 642,94 668,94 448
298,siljan,2329,522,885,381,68,4,5 133,"77,5","11,4","79,1","82,8","3,8",51 740,88 369,86 999
299,sirdal,1839,376,678,293,66,4,6 943,77,"10,4","79,7","83,7","-1,3",133 902,183 363,199 328
300,skaun,8231,1531,2707,1368,373,14,18 133,"84,7","5,1","80,1",84,"0,4",87 881,76 877,77 740
301,skedsmo,55652,11985,16110,10022,3788,369,108 748,"59,4","18,5","80,5","84,3","0,7",53 209,75 478,74 805
302,ski,30843,5815,8826,6310,2481,141,75 640,"65,2",15,"80,5","84,3",1,97 591,82 279,81 485
303,skien,54645,13058,17653,9693,2831,285,103 304,67,17,"79,1","82,8",2,64 751,81 831,80 670
304,skiptvet,3797,1100,1311,482,86,12,20 917,78,10,"79,1","82,8","1,2",25 302,84 729,84 772
305,skjervoy,2917,964,892,396,66,20,8 612,"80,7","4,5","79,6","83,9","8,3",96 605,120 132,110 716
306,skjak,2204,483,947,300,67,5,9 448,"86,4","3,1","79,3","82,9","1,6",61 468,111 922,115 402
307,skodje,4764,985,1527,814,170,24,15 095,"80,5","7,5","80,6","84,7","3,5",80 131,82 156,79 260
308,skanland,3009,799,1022,511,108,13,8 731,"84,7","4,5","79,6","83,9",4,100 184,108 113,104 573
309,smola,2134,614,800,289,41,6,3 791,82,"4,7","80,6","84,7","11,5",122 185,138 212,122 327
310,snillfjord,999,254,420,124,15,2,675,"85,2","2,1","80,1",84,—,—,—,—
311,snaase-snasa,2100,461,787,359,94,12,7 021,"87,9","3,5","79,8",84,"-3,5",84 451,106 415,109 690
312,sogndal,8191,1333,2546,1807,666,25,24 523,"80,9","5,6","80,3","85,2","5,4",64 868,97 103,92 241
313,sokndal,3305,789,1303,384,71,8,23 896,"72,7","17,2","80,1",84,"3,2",71 960,91 766,89 965
314,sola,26582,4625,7655,4801,2493,129,67 405,"69,7","12,3","80,1",84,"3,7",61 191,74 279,74 235
315,solund,820,196,295,119,26,2,1 912,"79,9","5,5","80,3","85,2","17,4",112 878,159 613,130 841
316,songdalen,6706,1565,2352,907,185,35,17 647,"67,6",16,"79,7","83,7","0,5",71 837,83 378,83 090
317,sortland,10518,2867,3202,1677,413,46,23 754,"80,9","7,1",79,"83,3","2,3",79 763,97 880,95 741
318,spydeberg,6042,1454,1968,863,269,26,12 299,"75,7","9,3","79,1","82,8",1,59 717,81 750,81 517
319,stange,20916,5186,6472,3663,1020,105,30 536,"75,6","9,8","78,9",83,"1,5",60 304,85 869,85 008
320,stavanger,134037,23351,34346,28380,17115,778,279 251,"64,1","14,1","80,1",84,"3,5",60 830,81 170,80 755
321,steigen,2576,744,887,367,83,17,5 401,"80,2","4,3",79,"83,3","9,2",105 101,121 497,112 391
322,steinkjer,22090,4764,7798,4024,986,75,57 339,"83,3","5,6","79,8",84,"2,1",88 825,92 888,90 950
323,stjordal,24028,4968,8217,4134,1136,95,51 395,"81,3","7,1","79,8",84,"3,1",83 160,82 487,79 155
324,stord,18699,3554,6299,3550,979,59,27 673,"78,6","8,8",80,"84,3","0,2",101 604,80 807,79 718
325,stordal,947,243,376,131,30,1,5 603,"81,5",6,"80,6","84,7","-1,9",145 564,123 774,126 249
326,stor-elvdal,2459,707,905,382,125,8,5 765,"77,5","4,8","78,9",83,"-0,2",63 206,108 050,110 210
327,storfjord-omasvuotna-omasvuono,1841,571,601,290,40,7,2 624,"86,2","3,4","79,6","83,9","1,2",111 382,123 489,121 924
328,strand,12720,2995,4162,1850,471,47,49 243,"78,4","9,3","80,1",84,"3,3",59 666,83 013,80 411
329,stranda,4565,1087,1806,691,175,7,7 457,"76,1","8,5","80,6","84,7","2,9",151 467,93 236,88 785
330,stryn,7144,1414,2698,1167,291,35,22 230,"78,1","6,4","80,3","85,2","2,5",67 706,91 192,87 591
331,sula,9271,1910,2824,1655,288,40,23 156,"76,2","10,9","80,6","84,7","-1,3",94 574,76 338,77 402
332,suldal,3794,764,1468,596,145,16,23 704,"82,5","4,6","80,1",84,"10,5",52 281,154 478,145 176
333,sund,7062,1598,2488,932,198,34,14 747,"75,2","13,1",80,"84,3","3,3",75 661,78 967,76 362
334,sunndal,7106,1579,2815,1102,297,26,13 343,"81,5","6,2","80,6","84,7","-0,3",72 975,112 548,114 385
335,surnadal,5928,1479,2300,876,184,14,11 943,"89,1","2,8","80,6","84,7","-2,6",61 721,94 341,96 744
336,sveio,5721,1186,1955,869,193,23,12 457,"80,4",8,80,"84,3","5,3",54 996,88 709,84 891
337,svelvik,6685,1750,2333,1034,210,37,5 718,"73,9",10,"79,3","83,7","-1,4",55 316,72 763,74 260
338,sykkylven,7657,1947,2527,1284,221,38,14 353,"80,4","7,8","80,6","84,7","0,3",66 476,71 950,71 939
339,sogne,11403,2305,3807,2022,540,36,32 492,"69,4","16,2","79,7","83,7","0,3",50 104,73 029,74 141
340,somna,2014,553,706,303,50,11,2 095,"85,4","5,1",79,"83,3","3,5",73 356,115 793,111 729
341,sondre-land,5623,1703,1951,806,174,66,10 686,"81,4",6,"79,3","82,9","-1,1",56 501,99 284,99 267
342,sor-aurdal,2981,841,1108,403,86,17,11 223,"82,9","6,3","79,3","82,9","0,7",78 336,108 673,107 288
343,sorfold,1975,620,673,257,37,7,2 787,"85,6","1,9",79,"83,3",—,—,—,—
344,sor-fron,3127,824,1181,428,91,6,8 844,"84,5","4,6","79,3","82,9","1,4",57 930,103 682,105 627
345,sor-odal,7879,2498,2687,1029,232,37,19 225,"82,7","5,8","78,9",83,"-0,2",75 177,82 201,80 946
346,sorreisa,3489,902,1188,578,105,6,4 688,83,"4,1","79,6","83,9",-1,72 920,87 827,87 921
347,sorum,18263,3778,5467,3212,1000,82,44 141,"68,7","12,7","80,5","84,3",1,119 313,77 974,76 079
348,sor-varanger,10156,2555,3191,1852,557,48,18 327,"72,5","7,7","77,2","82,3","2,5",121 730,97 870,95 545
349,time,18795,3774,5922,3243,1055,59,47 798,"75,9","9,6","80,1",84,"0,4",66 429,74 649,76 705
350,tingvoll,3045,690,1160,493,141,12,8 359,"84,2","3,6","80,6","84,7","4,3",97 435,107 902,101 856
351,tinn,5780,1441,2309,884,177,39,31 837,"74,9","9,1","79,1","82,8","0,1",57 805,120 841,124 066
352,tjeldsund,1259,345,484,177,30,4,2 183,"88,7","3,5",79,"83,3","4,2",113 359,116 693,113 410
353,tokke,2228,482,889,373,63,12,11 765,"80,8",8,"79,1","82,8","4,5",58 368,132 842,131 487
354,tolga,1551,262,614,313,70,5,9 679,"78,7","9,3","78,9",83,"2,1",60 085,108 885,106 601
355,torsken,931,355,279,110,24,10,448,"73,3","5,5","79,6","83,9","3,4",85 909,153 310,149 131
356,tranoy,1513,434,529,234,41,9,2 176,"82,9","6,3","79,6","83,9","4,1",72 027,142 888,135 928
357,tromso,76649,14616,19824,15784,9398,236,180 842,"72,4","7,7","79,6","83,9","-1,1",98 128,79 978,80 329
358,trondheim,196159,33008,52421,43579,25223,694,475 661,"69,1","9,9","80,1",84,"1,5",73 615,77 797,76 025
359,trysil,6607,1911,2362,947,200,52,17 107,79,"6,5","78,9",83,"-2,4",91 041,110 649,114 546
360,traena,456,130,154,69,12,1,1 188,"69,7","16,4",79,"83,3",—,—,—,—
361,trogstad,5347,1547,1888,693,141,25,12 557,"79,8","8,4","79,1","82,8","-1,6",75 376,83 546,83 966
362,tvedestrand,6069,1397,2148,1061,218,20,11 691,72,"12,8","78,8","83,3","1,1",63 599,88 397,88 356
363,tydal,794,211,351,130,17,4,4 370,"88,9","3,8","80,1",84,"3,5",81 608,185 355,184 389
364,tynset,5591,1104,2031,1032,279,44,29 019,"79,9","8,3","78,9",83,"2,7",76 564,110 592,106 429
365,tysnes,2846,639,1054,449,81,15,1 734,"84,6","3,5",80,"84,3","3,5",68 054,107 239,96 926
366,tysvaer,11028,2207,3868,1688,369,38,38 516,"82,3","6,7","80,1",84,"8,9",91 953,99 324,92 532
367,tonsberg,45974,8814,13484,10188,3333,200,199 008,"68,8","12,7","79,3","83,7","0,8",65 098,79 131,78 894
368,ullensaker,38234,8578,11284,5865,1848,186,72 251,"64,2","15,2","80,5","84,3",-1,102 415,71 624,71 171
369,ullensvang,3320,586,1385,579,133,12,7 313,"81,2","5,2",80,"84,3","-3,7",59 689,119 219,124 823
370,ulstein,8609,1591,2649,1699,438,41,13 299,"76,9","8,1","80,6","84,7","1,7",159 349,84 070,80 744
371,ulvik,1093,221,400,209,58,6,2 501,"74,2","6,1",80,"84,3","<a class=""definition tallet_285209"" href=""#forklaring-tall-285209"">Kommunens lånegjeld per innbygger: 75 981 kroner per 2018</a>",75 981,131 058,133 523
372,unjarga-nesseby,941,272,306,153,38,8,3 768,77,"8,3","77,2","82,3","5,9",127 763,171 408,158 773
373,utsira,196,42,69,43,8,1,2 297,"77,6","7,7","80,1",84,"11,6",135 107,212 219,191 944
374,vadso,5894,1602,1773,1099,390,42,15 769,"73,2","6,2","77,2","82,3","-0,3",167 511,113 181,102 433
375,vaksdal,4045,1094,1448,580,130,9,7 382,"81,8",6,80,"84,3","3,2",62 409,107 340,104 720
376,valle,1156,261,481,196,46,3,3 294,"82,4","9,5","78,8","83,3",—,—,—,—
377,vang,1610,336,620,278,77,5,6 015,"76,3","6,5","79,3","82,9","2,3",100 462,140 588,146 318
378,vanylven,3163,855,1267,431,65,8,7 347,"86,5","4,5","80,6","84,7","4,6",69 461,107 727,103 555
379,vardo,2081,654,692,270,113,14,993,"75,6",5,"77,2","82,3","2,9",151 335,111 947,109 180
380,vefsn,13403,3341,4876,2173,493,56,19 447,"83,7","5,8",79,"83,3","0,6",87 450,93 126,92 616
381,vega,1232,403,379,180,39,6,6 086,"87,1","2,9",79,"83,3","-0,6",137 862,110 771,109 333
382,vegarshei,2093,446,758,325,63,4,8 899,"57,6","31,1","78,8","83,3","1,2",84 729,111 617,113 711
383,vennesla,14630,3586,5253,1907,359,76,30 195,"62,5","22,6","79,7","83,7","0,9",53 719,81 333,81 671
384,verdal,14933,3466,5580,2328,433,42,50 171,"85,6","4,9","79,8",84,"-0,4",83 612,82 315,82 707
385,verran,2449,738,916,305,44,16,4 518,"83,8","4,5","79,8",84,"1,4",123 350,106 727,104 124
386,vestby,17824,3422,5199,3357,1270,75,30 424,"67,5","12,3","80,5","84,3","5,5",91 989,73 368,69 557
387,vestnes,6536,1624,2438,910,222,73,13 294,"82,6","5,9","80,6","84,7","1,4",68 948,103 682,103 064
388,vestre-slidre,2135,488,855,310,77,10,9 200,"84,1","5,6","79,3","82,9","7,5",57 586,116 752,110 668
389,vestre-toten,13384,3631,4607,1981,403,48,26 073,"82,2","7,1","79,3","82,9","0,8",94 868,79 352,78 428
390,vestvagoy,11480,3187,3470,1779,410,60,22 429,80,"7,3",79,"83,3","-0,2",60 477,87 361,87 731
391,vevelstad,497,141,191,69,10,1,1 144,"81,5",6,79,"83,3",—,—,—,—
392,vik,2672,539,1088,397,126,11,11 400,"84,5",6,"80,3","85,2","2,3",97 802,119 797,122 337
393,vikna,4578,1260,1432,590,108,13,15 208,80,"8,1","79,8",84,"11,1",116 723,118 664,104 208
394,vindafjord,8743,1807,3369,1306,316,41,15 861,"80,8","6,2","80,1",84,"1,9",57 903,88 209,87 171
395,vinje,3723,771,1384,674,149,28,11 473,"78,1","8,5","79,1","82,8","2,7",130 779,146 216,146 532
396,volda,9197,1632,2709,2232,653,24,18 368,"78,1","9,5","80,6","84,7","0,7",116 480,100 466,100 455
397,voss,14606,2804,5272,2645,770,45,53 402,"82,7","5,8",80,"84,3","-0,5",54 018,90 649,91 777
398,vaeroy,732,326,185,77,12,7,2 580,"73,2","7,8",79,"83,3","1,1",71 027,127 598,127 713
399,vagan,9595,2502,3034,1653,377,51,18 425,73,"8,6",79,"83,3","0,7",78 458,94 002,90 038
400,vagsoy,5970,1331,2183,910,185,26,9 693,"81,7","7,2","80,3","85,2","0,3",119 584,94 437,95 127
401,vaga,3589,921,1373,497,130,16,9 776,"87,5","2,9","79,3","82,9","0,3",78 171,97 804,98 935
402,valer-ostfold,5593,1237,1866,849,188,13,6 248,"74,1",11,"79,1","82,8","-0,1",40 914,75 704,76 093
403,valer-hedmark,3705,1188,1320,508,83,14,16 435,"85,5",4,"78,9",83,-5,67 175,96 309,100 275
404,oksnes,4449,1581,1336,591,128,25,12 935,"79,8","7,3",79,"83,3","5,9",149 664,91 963,87 428
405,orland,5334,1287,1933,843,178,14,14 217,"83,6","5,2","80,1",84,"0,6",142 079,95 767,95 649
406,orskog,2250,458,758,457,107,10,2 820,"77,6","9,5","80,6","84,7","-1,9",147 446,98 367,98 727
407,orsta,10857,2391,3649,1941,353,34,22 688,"84,5","6,4","80,6","84,7","0,4",89 511,81 482,81 568
408,ostre-toten,14948,3842,5255,2355,553,68,43 249,"82,3","6,5","79,3","82,9",1,76 794,82 440,82 029
409,ovre-eiker,19117,4743,6132,3055,779,113,53 371,"71,5","13,4","79,7","83,6","1,1",55 568,71 204,69 660
410,oyer,5119,1198,1922,840,234,20,8 534,"78,1","8,3","79,3","82,9","3,4",106 976,100 071,101 946
411,oygarden,4889,1406,1600,571,117,19,9 599,"80,6","7,9",80,"84,3","6,2",85 249,125 816,116 150
412,oystre-slidre,3208,666,1280,510,149,10,12 210,"82,1","4,6","79,3","82,9","5,9",68 926,104 622,101 318
413,afjord,3340,838,1299,435,89,10,5 862,"89,2",3,"80,1",84,"4,7",88 369,110 796,106 096
414,al,4671,928,1782,785,189,18,14 130,77,10,"79,7","83,6","3,6",72 901,131 078,134 881
415,alesund,47998,9374,14035,10247,3199,233,84 580,"75,3","9,3","80,6","84,7","1,1",73 808,79 547,79 172
416,amli,1848,474,647,265,64,12,6 960,"70,7","10,9","78,8","83,3","1,4",92 912,113 877,116 064
417,amot,4407,1324,1456,720,134,16,8 819,"81,8","5,7","78,9",83,"-3,2",92 384,93 260,97 224
418,ardal,5245,1108,2264,758,204,12,10 504,"87,1","3,7","80,3","85,2","2,9",72 145,107 701,106 116
419,as,20335,3315,5368,4326,2727,85,50 934,"59,3","15,5","80,5","84,3","1,2",80 909,74 903,73 134
420,aseral,939,239,358,118,15,3,6 508,"72,8","13,5","79,7","83,7","12,2",84 033,182 914,177 133
421,asnes,7214,2326,2598,1018,170,38,15 321,"86,7",4,"78,9",83,"-0,2",62 958,96 178,95 748
